[{"bookId":15,"rating":4.6,"description":"Harry Potter has no idea how famous he is. That's because he's being raised by his miserable aunt and uncle who are terrified Harry will learn that he's really a wizard, just as his parents were. But everything changes when Harry is summoned to attend an infamous school for wizards, and he begins to discover some clues about his illustrious birthright. From the surprising way he is greeted by a lovable giant, to the unique curriculum and colorful faculty at his unusual school, Harry finds himself drawn deep inside a mystical world he never knew existed and closer to his own noble destiny."},
{"bookId":2,"rating":4.7,"description":"The Dursleys were so mean that hideous that summer that all Harry Potter wanted was to get back to the Hogwarts School for Witchcraft and Wizardry. But just as he's packing his bags, Harry receives a warning from a strange, impish creature named Dobby who says that if Harry Potter returns to Hogwarts, disaster will strike.And strike it does. For in Harry's second year at Hogwarts, fresh torments and horrors arise, including an outrageously stuck-up new professor, Gilderoy Lockheart, a spirit named Moaning Myrtle who haunts the girls' bathroom, and the unwanted attentions of Ron Weasley's younger sister, Ginny.But each of these seem minor annoyances when the real trouble begins, and someone--or something--starts turning Hogwarts students to stone. Could it be Draco Malfoy, a more poisonous rival than ever? Could it possibly be Hagrid, whose mysterious past is finally told? Or could it be the one everyone at Hogwarts most suspects...Harry Potter himself?"},
{"bookId":3,"rating":4.4,"description":"For twelve long years, the dread fortress of Azkaban held an infamous prisoner named Sirius Black. Convicted of killing thirteen people with a single curse, he was said to be the heir apparent to the Dark Lord, Voldemort.Now he has escaped, leaving only two clues as to where he might be headed: Harry Potter's defeat of You-Know-Who was Black's downfall as well. And the Azkban guards heard Black muttering in his sleep, \"He's at Hogwarts...he's at Hogwarts\".Harry Potter isn't safe, not even within the walls of his magical school, surrounded by his friends. Because on top of it all, there may well be a traitor in their midst."},
{"bookId":4,"rating":4.5,"description":"Harry wants to get away from the pernicious Dursleys and go to the International Quidditch Cup with Hermione, Ron, and the Weasleys. He wants to dream about Cho Chang, his crush (and maybe do more than dream). He wants to find out about the mysterious event involving two other rival schools of magic, and a competition that hasn't happened for a hundred years. He wants to be a normal, fourteen-year-old wizard. Unfortunately for Harry Potter, he's not normal - even by wizarding standards.And in this case, different can be deadly."},
{"bookId":5,"rating":4.8,"description":"A special new edition in celebration of the 20th anniversary of the publication of Harry Potter and the Sorcerer's Stone, with a stunning new cover illustration by Caldecott Medalist Brian Selznick. There is a door at the end of a silent corridor. And it's haunting Harry Potter's dreams. Why else would he be waking in the middle of the night, screaming in terror?It's not just the upcoming O.W.L. exams; a new teacher with a personality like poisoned honey; a venomous, disgruntled house-elf; or even the growing threat of He-Who-Must-Not-Be-Named. Now Harry Potter is faced with the unreliability of the very government of the magical world and the impotence of the authorities at Hogwarts.Despite this (or perhaps because of it), he finds depth and strength in his friends, beyond what even he knew; boundless loyalty; and unbearable sacrifice."},
{"bookId":6,"rating":4.6,"description":"A special new edition in celebration of the 20th anniversary of the publication of Harry Potter and the Sorcerer's Stone, with a stunning new cover illustration by Caldecott Medalist Brian Selznick. The war against Voldemort is not going well; even Muggle governments are noticing. Ron scans the obituary pages of the Daily Prophet, looking for familiar names. Dumbledore is absent from Hogwarts for long stretches of time, and the Order of the Phoenix has already suffered losses. And yet...As in all wars, life goes on. Sixth-year students learn to Apparate - and lose a few eyebrows in the process. The Weasley twins expand their business. Teenagers flirt and fight and fall in love. Classes are never straightforward, though Harry receives some extraordinary help from the mysterious Half-Blood Prince."},
{"bookId":7,"rating":4.7,"description":"A special new edition in celebration of the 20th anniversary of the publication of Harry Potter and the Sorcerer's Stone, with a stunning new cover illustration by Caldecott Medalist Brian Selznick. We now present the seventh and final installment in the epic tale of Harry Potter.This gorgeous new edition in celebration of the 20th anniversary of the publication of Harry Potter and the Sorcerer's Stone features a newly designed cover illustrated by Caldecott Medalist Brian Selznick, as well as the beloved original interior decorations by Mary GrandPré."},
{"bookId":18,"rating":4.6,"description":"In the zombie-infested, post-apocalyptic America where Benny Imura lives, every teenager must find a job by the time they turn fifteen or get their rations cut in half. Benny doesn't want to apprentice as a zombie hunter with his boring older brother Tom, but he has no choice. He expects a tedious job whacking zoms for cash, but what he gets is a vocation that will teach him what it means to be human."},
{"bookId":21,"rating":4.9,"description":"Nina and her twin sister, Artemis, are far from normal. It’s hard to be when you grow up at the Watcher’s Academy, which is a bit different from your average boarding school. Here teens are trained as guides for Slayers—girls gifted with supernatural strength to fight the forces of darkness. But while Nina’s mother is a prominent member of the Watcher’s Council, Nina has never embraced the violent Watcher lifestyle. Instead she follows her instincts to heal, carving out a place for herself as the school medic.Until the day Nina’s life changes forever.Thanks to Buffy, the famous (and infamous) Slayer that Nina’s father died protecting, Nina is not only the newest Chosen One—she’s the last Slayer, ever. Period.As Nina hones her skills with her Watcher-in-training, Leo, there’s plenty to keep her occupied: a monster fighting ring, a demon who eats happiness, a shadowy figure that keeps popping up in Nina’s dreams…But it’s not until bodies start turning up that Nina’s new powers will truly be tested—because someone she loves might be next.One thing is clear: Being Chosen is easy. Making choices is hard."},
{"bookId":28,"rating":4.8,"description":"You only have two options:Working or starving to death or even being killed.A barren country invaded by zombies.A small town surrounded by its own laws.Everyone who turns 15 has to work here.Inside or outside the fence, the end of not working is hunger.Benny is now 15 years old.He tries many jobs to work, but never succeeds.The family profession pursued by his older brother Tom is not for him.But desperate, Benny accepts the job."},
{"bookId":29,"rating":4.3,"description":"Marriages of convenience are so...inconvenient.For months Holland Bakker has invented excuses to descend into the subway station near her apartment, drawn to the captivating music performed by her street musician crush. Lacking the nerve to actually talk to the gorgeous stranger, fate steps in one night in the form of a drunken attacker. Calvin Mcloughlin rescues her, but quickly disappears when the police start asking questions.Using the only resource she has to pay the brilliant musician back, Holland gets Calvin an audition with her uncle, Broadway’s hottest musical director. When the tryout goes better than even Holland could have imagined, Calvin is set for a great entry into Broadway—until his reason for disappearing earlier becomes clear: he’s in the country illegally, his student visa having expired years ago.Seeing that her uncle needs Calvin as much as Calvin needs him, a wild idea takes hold of her. Impulsively, she marries the Irishman, her infatuation a secret only to him. As their relationship evolves and Calvin becomes the darling of Broadway—in the middle of the theatrics and the acting-not-acting—will Holland and Calvin to realize that they both stopped pretending a long time ago?"},
{"bookId":30,"rating":4.2,"description":"Between grad school and multiple jobs, Naledi Smith doesn't have time for fairy tales . . . or the patience for constant emails claiming she's betrothed to an African prince. Sure. Right. Delete! As a former foster kid, she's learned that the only things she can depend on are herself and the scientific method, and a silly email won't convince her otherwise. Prince Thabiso is the sole heir to the throne of Thesolo, shouldering the hopes of his parents and his people. At the top of their list? His marriage. Ever dutiful, he tracks down his missing betrothed. When Naledi mistakes the prince for a pauper, Thabiso can't resist the chance to experience life - and love - without the burden of his crown. The chemistry between them is instant and irresistible, and their flirty friendship quickly evolves into passionate nights. But when the truth is revealed, can a princess in theory become a princess ever after?"},
{"bookId":31,"rating":4.6,"description":"Relationships are complex. Love, ever-changing. And when it comes to rules of the heart, they were made to be broken....That's what Robert Antonio Bianchi was telling himself, anyway. Otherwise, he really had no excuse for what - or who - he'd done. No excuse, except for his lonely heart, a pitcher of margaritas, four bitter bitches, and the apparent need to confess all his weaknesses to the two men he knew would bring him nothing but trouble.But trouble was nothing new. Just ask his crazy sisters or any of his friends, and they'd be the first to tell you: If there was a bad decision to be made, Robbie always had a knack for making it. And thus, begins the story of the priest, the princess, and the prick."},
{"bookId":32,"rating":4.4,"description":"When Wicked Comes Calling...When a mysterious stranger finds his way into her bedchamber and offers his help in landing a duke, Lady Felicity Faircloth agrees - on one condition. She’s seen enough of the world to believe in passion, and won’t accept a marriage without it.The Wallflower Makes a Dangerous Bargain...Bastard son of a duke and king of London’s dark streets, Devil has spent a lifetime wielding power and seizing opportunity, and the spinster wallflower is everything he needs to exact a revenge years in the making. All he must do is turn the plain little mouse into an irresistible temptress, set his trap, and destroy his enemy.For the Promise of Passion...But there’s nothing plain about Felicity Faircloth, who quickly decides she’d rather have Devil than another. Soon, Devil’s carefully laid plans are in chaos and he must choose between everything he's ever wanted... and the only thing he's ever desired."},
{"bookId":33,"rating":4.5,"description":"Hunches, horse races, and heartbreak!Ten years after Simone Payton broke his heart, all Roscoe Winston wants is a doughnut. He'd also like to forget her entirely, but that's never going to happen. Roscoe Winston remembers everything - every look, every word, every single unrequited second - and the last thing he needs is another memory of Simone.Unfortunately, after one chance encounter, Simone keeps popping up everywhere he happens to be....Ten years after Roscoe Winston dropped out of her life, all Simone Payton wants is to exploit him. She'd also like some answers from her former best friend about why he ghosted her, but if she never gets those answers, that's a-okay. Simone let go of the past a long time ago. Seriously, she has. She totally, totally has. She is definitely not still thinking about Roscoe. Nope. She's more than happy to forget he exists.But first, she needs just one teeny-tiny favor....Dr. Strange Beard is a full-length romantic comedy novel, can be listened to as a stand-alone, and is the fifth audiobook in the USA Today best-selling Winston Brothers series."},
{"bookId":34,"rating":4.6,"description":"Calla Fletcher was two when her mother took her and fled the Alaskan wild, unable to handle the isolation of the extreme, rural lifestyle, leaving behind Calla’s father, Wren Fletcher, in the process. Calla never looked back, and at 26, a busy life in Toronto is all she knows. But when her father reaches out to inform her that his days are numbered, Calla knows that it’s time to make the long trip back to the remote frontier town where she was born.She braves the roaming wildlife, the odd daylight hours, the exorbitant prices, and even the occasional - dear God - outhouse, all for the chance to connect with her father: a man who, despite his many faults, she can’t help but care for. While she struggles to adjust to this new subarctic environment, Jonah - the quiet, brooding, and proud Alaskan pilot who keeps her father’s charter plane company operational - can’t imagine calling anywhere else home. And he’s clearly waiting with one hand on the throttle to fly this city girl back to where she belongs, convinced that she’s too pampered to handle the wild.Jonah is probably right, but Calla is determined to prove him wrong. As time passes, she unexpectedly finds herself forming a bond with the burly pilot. As his undercurrent of disapproval dwindles, it’s replaced by friendship - or perhaps something deeper? But Calla is not in Alaska to stay and Jonah will never leave. It would be foolish of her to kindle a romance, to take the same path her parents tried - and failed at - years ago.It’s a simple truth that turns out to be not so simple after all."},
{"bookId":35,"rating":4.5,"description":"There are three things you need to know about Kat Tanner (aka Kathleen Tyson...and yes, she is that Kathleen Tyson). One: She’s determined to make good decisions. Two: She must get married ASAP. And three: She knows how to knit.Being a billionaire heiress isn’t all it’s cracked up to be. In fact, it sucks. Determined to live a quiet life, Kat Tanner changed her identity years ago and eschewed her family’s legacy. But now, Kat’s silver spoon past has finally caught up with her, and so have her youthful mistakes. To avoid imminent disaster, she must marry immediately; it is essential that the person she chooses have no romantic feelings for her whatsoever and be completely trustworthy.Fortunately, she knows exactly who to ask. Dan O’Malley checks all the boxes: single, romantically indifferent to her, completely trustworthy. Sure, she might have a wee little crush on Dan the Security Man, but with clear rules, expectations, and a legally binding contract, Kat is certain she can make it through this debacle with her sanity - and heart - all in one piece.Except, what happens when Dan O’Malley isn’t as indifferent - or as trustworthy - as she thought?"},
{"bookId":36,"rating":4.5,"description":"When the new girl in town, Eliza \"Izzy\" Forrester, decides to hit the local drinking hole, she's not ready to meet the town's good, solid guy. She's definitely not prepared to engage in her very first hookup with him.Then Izzy wakes up the next morning in Johnny Gamble's bed, and good girl Izzy finds she likes being bad for Johnny.Even so, Izzy feels Johnny holding her at arm's length. But Johnny makes it clear he wants more, and Izzy already knows she wants as much as she can get of hot-in-bed, sweet-out-of-it Johnny Gamble.Floating on air, thinking this is going somewhere, Izzy quickly learns why Johnny holds distant.He's in love with someone else. Someone who left him and did it leaving him broken. Whoever was up next would be runner-up, second best. Knowing the stakes, Izzy will take what she can get from the gentleman that's Johnny Gamble. And even knowing his heart might never mend, Johnny can't seem to stay away from Izzy.Until out of nowhere, his lost love comes back to town. He's not going back, but Johnny still knows the right thing to do is let Izzy go.And Izzy knew the stakes, so she makes it easy and slips though his fingers.But that's before Johnny realizes Izzy moved to town to escape danger that's been swirling around her.And that's why Johnny decides to wade in.That and the fact Izzy Forrester makes breakfast with a canary singing on her shoulder and fills out tight dresses in a way Johnny Gamble cannot get out of his head."},
{"bookId":37,"rating":4.4,"description":"He took me in when I had nowhere else to go.He doesn’t use me, hurt me, or forget about me. He doesn’t treat me like I’m nothing, take me for granted, or make me feel unsafe.He remembers me, laughs with me, and looks at me. He listens to me, protects me, and sees me. I can feel his eyes on me over the breakfast table, and my heart pumps so hard when I hear him pull in the driveway after work.I have to stop this. It can’t happen.My sister once told me there are no good men, and if you find one, he’s probably unavailable.Only Pike Lawson isn’t the unavailable one.I am.PIKE:I took her in, because I thought I was helping.She’d cook a few meals and clean up a little. It was an easy arrangement.As the days go by, though, it’s becoming anything but easy. I have to stop my mind from drifting to her and stop holding my breath every time I bump into her in the house. I can’t touch her, and I shouldn’t want to.The more I find my path crossing hers, though, the more she’s becoming a part of me.But we’re not free to give into this. She’s nineteen, and I’m thirty-eight.And her boyfriend’s father.Unfortunately, they both just moved into my house."},
{"bookId":38,"rating":4.6,"description":"Darrow is a Red, a member of the lowest caste in the color-coded society of the future. Like his fellow Reds, he works all day, believing that he and his people are making the surface of Mars livable for future generations. Yet he spends his life willingly, knowing that his blood and sweat will one day result in a better world for his children. But Darrow and his kind have been betrayed. Soon he discovers that humanity reached the surface generations ago. Vast cities and sprawling parks spread across the planet.Darrow - and Reds like him - are nothing more than slaves to a decadent ruling class. Inspired by a longing for justice, and driven by the memory of lost love, Darrow sacrifices everything to infiltrate the legendary Institute, a proving ground for the dominant Gold caste, where the next generation of humanity's overlords struggle for power. He will be forced to compete for his life and the very future of civilization against the best and most brutal of Society's ruling class. There, he will stop at nothing to bring down his enemies...even if it means he has to become one of them to do so."},
{"bookId":39,"rating":4.6,"description":"Memphis, 1939. Twelve-year-old Rill Foss and her four younger siblings live a magical life aboard their family’s Mississippi River shantyboat. But when their father must rush their mother to the hospital one stormy night, Rill is left in charge - until strangers arrive in force. Wrenched from all that is familiar and thrown into a Tennessee Children’s Home Society orphanage, the Foss children are assured that they will soon be returned to their parents - but they quickly realize the dark truth. At the mercy of the facility’s cruel director, Rill fights to keep her sisters and brother together in a world of danger and uncertainty.Aiken, South Carolina, present day. Born into wealth and privilege, Avery Stafford seems to have it all: a successful career as a federal prosecutor, a handsome fiancé, and a lavish wedding on the horizon. But when Avery returns home to help her father weather a health crisis, a chance encounter leaves her with uncomfortable questions and compels her to take a journey through her family’s long-hidden history, on a path that will ultimately lead either to devastation or to redemption.Based on one of America’s most notorious real-life scandals - in which Georgia Tann, director of a Memphis-based adoption organization, kidnapped and sold poor children to wealthy families all over the country - Lisa Wingate’s riveting, wrenching, and ultimately uplifting tale reminds us how, even though the paths we take can lead to many places, the heart never forgets where we belong."},
{"bookId":40,"rating":4.6,"description":"In the aftermath of a colossal battle, the future of the Seven Kingdoms hangs in the balance once again - beset by newly emerging threats from every direction. In the east, Daenerys Targaryen, the last scion of House Targaryen, rules with her three dragons as queen of a city built on dust and death. But Daenerys has three times 3,000 enemies, and many have set out to find her. Yet, as they gather, one young man embarks upon his own quest for the queen, with an entirely different goal in mind. To the north lies the mammoth Wall of ice and stone - a structure only as strong as those guarding it. There, Jon Snow, 998th Lord Commander of the Nights Watch, will face his greatest challenge yet. For he has powerful foes not only within the Watch but also beyond, in the land of the creatures of ice. And from all corners, bitter conflicts soon reignite, intimate betrayals are perpetrated, and a grand cast of outlaws and priests, soldiers and skinchangers, nobles and slaves, will face seemingly insurmountable obstacles. Some will fail, others will grow in the strength of darkness. But in a time of rising restlessness, the tides of destiny and politics will lead inevitably to the greatest dance of all."},
{"bookId":41,"rating":4.7,"description":"Sixteen-year-old Starr Carter moves between two worlds: the poor neighborhood where she lives and the fancy suburban prep school she attends. The uneasy balance between these worlds is shattered when Starr witnesses the fatal shooting of her childhood best friend Khalil at the hands of a police officer. Khalil was unarmed. Soon afterward, his death is a national headline. Some are calling him a thug, maybe even a drug dealer and a gangbanger. Protesters are taking to the streets in Khalil’s name. Some cops and the local drug lord try to intimidate Starr and her family. What everyone wants to know is: what really went down that night? And the only person alive who can answer that is Starr. But what Starr does - or does not - say could upend her community. It could also endanger her life.Sixteen-year-old Starr Carter moves between two worlds: the poor neighborhood where she lives and the fancy suburban prep school she attends. The uneasy balance between these worlds is shattered when Starr witnesses the fatal shooting of her childhood best friend Khalil at the hands of a police officer. Khalil was unarmed. "},
{"bookId":42,"rating":4.5,"description":"Marie-Laure lives with her father in Paris near the Museum of Natural History, where he works as the master of its thousands of locks. When she is six, Marie-Laure goes blind and her father builds a perfect miniature of their neighborhood so she can memorize it by touch and navigate her way home. When she is 12, the Nazis occupy Paris and father and daughter flee to the walled citadel of Saint-Malo, where Marie-Laure’s reclusive great-uncle lives in a tall house by the sea. With them they carry what might be the museum’s most valuable and dangerous jewel. In a mining town in Germany, the orphan Werner grows up with his younger sister, enchanted by a crude radio they find. Werner becomes an expert at building and fixing these crucial new instruments, a talent that wins him a place at a brutal academy for Hitler Youth, then a special assignment to track the resistance. More and more aware of the human cost of his intelligence, Werner travels through the heart of the war and, finally, into Saint-Malo, where his story and Marie-Laure’s converge."},
{"bookId":43,"rating":4.7,"description":"Three ordinary women are about to take one extraordinary step.Twenty-two-year-old Skeeter has just returned home after graduating from Ole Miss. She may have a degree, but it is 1962, Mississippi, and her mother will not be happy till Skeeter has a ring on her finger. Skeeter would normally find solace with her beloved maid, Constantine, the woman who raised her, but Constantine has disappeared and no one will tell Skeeter where she has gone.  Aibileen is a black maid, a wise, regal woman raising her 17th white child. Something has shifted inside her after the loss of her own son, who died while his bosses looked the other way. She is devoted to the little girl she looks after, though she knows both their hearts may be broken.Minny, Aibileen's best friend, is short, fat, and perhaps the sassiest woman in Mississippi. She can cook like nobody's business, but she can't mind her tongue, so she's lost yet another job. Minny finally finds a position working for someone too new to town to know her reputation. But her new boss has secrets of her own.Seemingly as different from one another as can be, these women will nonetheless come together for a clandestine project that will put them all at risk. And why? Because they are suffocating within the lines that define their town and their times. And sometimes lines are made to be crossed.In pitch-perfect voices, Kathryn Stockett creates three extraordinary women whose determination to start a movement of their own forever changes a town, and the way women—mothers, daughters, caregivers, friends—view one another."},
{"bookId":44,"rating":4.8,"description":"Feyre survived Amarantha's clutches to return to the Spring Court - but at a steep cost. Though she now has the powers of the High Fae, her heart remains human, and it can't forget the terrible deeds she performed to save Tamlin's people. Nor has Feyre forgotten her bargain with Rhysand, High Lord of the feared Night Court.As Feyre navigates its dark web of politics, passion, and dazzling power, a greater evil looms - and she might be key to stopping it. But only if she can harness her harrowing gifts, heal her fractured soul, and decide how she wishes to shape her future - and the future of a world cleaved in two.With more than a million copies sold of her beloved Throne of Glass series, Sarah J. Maas' masterful storytelling brings this second book in her seductive and action-packed series to new heights."},
{"bookId":45,"rating":4.6,"description":"Relationships are complex. Love, ever-changing. And when it comes to rules of the heart, they were made to be broken....That's what Robert Antonio Bianchi was telling himself, anyway. Otherwise, he really had no excuse for what - or who - he'd done. No excuse, except for his lonely heart, a pitcher of margaritas, four bitter bitches, and the apparent need to confess all his weaknesses to the two men he knew would bring him nothing but trouble.But trouble was nothing new. Just ask his crazy sisters or any of his friends, and they'd be the first to tell you: If there was a bad decision to be made, Robbie always had a knack for making it. And thus, begins the story of the priest, the princess, and the prick."},
{"bookId":46,"rating":4.4,"description":"When Wicked Comes Calling...When a mysterious stranger finds his way into her bedchamber and offers his help in landing a duke, Lady Felicity Faircloth agrees - on one condition. She’s seen enough of the world to believe in passion, and won’t accept a marriage without it.The Wallflower Makes a Dangerous Bargain...Bastard son of a duke and king of London’s dark streets, Devil has spent a lifetime wielding power and seizing opportunity, and the spinster wallflower is everything he needs to exact a revenge years in the making. All he must do is turn the plain little mouse into an irresistible temptress, set his trap, and destroy his enemy.For the Promise of Passion...But there’s nothing plain about Felicity Faircloth, who quickly decides she’d rather have Devil than another. Soon, Devil’s carefully laid plans are in chaos and he must choose between everything he's ever wanted... and the only thing he's ever desired."},
{"bookId":47,"rating":4.5,"description":"Hunches, horse races, and heartbreak!Ten years after Simone Payton broke his heart, all Roscoe Winston wants is a doughnut. He'd also like to forget her entirely, but that's never going to happen. Roscoe Winston remembers everything - every look, every word, every single unrequited second - and the last thing he needs is another memory of Simone.Unfortunately, after one chance encounter, Simone keeps popping up everywhere he happens to be....Ten years after Roscoe Winston dropped out of her life, all Simone Payton wants is to exploit him. She'd also like some answers from her former best friend about why he ghosted her, but if she never gets those answers, that's a-okay. Simone let go of the past a long time ago. Seriously, she has. She totally, totally has. She is definitely not still thinking about Roscoe. Nope. She's more than happy to forget he exists.But first, she needs just one teeny-tiny favor....Dr. Strange Beard is a full-length romantic comedy novel, can be listened to as a stand-alone, and is the fifth audiobook in the USA Today best-selling Winston Brothers series."},
{"bookId":48,"rating":4.6,"description":"Calla Fletcher was two when her mother took her and fled the Alaskan wild, unable to handle the isolation of the extreme, rural lifestyle, leaving behind Calla’s father, Wren Fletcher, in the process. Calla never looked back, and at 26, a busy life in Toronto is all she knows. But when her father reaches out to inform her that his days are numbered, Calla knows that it’s time to make the long trip back to the remote frontier town where she was born.She braves the roaming wildlife, the odd daylight hours, the exorbitant prices, and even the occasional - dear God - outhouse, all for the chance to connect with her father: a man who, despite his many faults, she can’t help but care for. While she struggles to adjust to this new subarctic environment, Jonah - the quiet, brooding, and proud Alaskan pilot who keeps her father’s charter plane company operational - can’t imagine calling anywhere else home. And he’s clearly waiting with one hand on the throttle to fly this city girl back to where she belongs, convinced that she’s too pampered to handle the wild.Jonah is probably right, but Calla is determined to prove him wrong. As time passes, she unexpectedly finds herself forming a bond with the burly pilot. As his undercurrent of disapproval dwindles, it’s replaced by friendship - or perhaps something deeper? But Calla is not in Alaska to stay and Jonah will never leave. It would be foolish of her to kindle a romance, to take the same path her parents tried - and failed at - years ago.It’s a simple truth that turns out to be not so simple after all."},
{"bookId":72,"rating":4.5,"description":"There are three things you need to know about Kat Tanner (aka Kathleen Tyson...and yes, she is that Kathleen Tyson). One: She’s determined to make good decisions. Two: She must get married ASAP. And three: She knows how to knit.Being a billionaire heiress isn’t all it’s cracked up to be. In fact, it sucks. Determined to live a quiet life, Kat Tanner changed her identity years ago and eschewed her family’s legacy. But now, Kat’s silver spoon past has finally caught up with her, and so have her youthful mistakes. To avoid imminent disaster, she must marry immediately; it is essential that the person she chooses have no romantic feelings for her whatsoever and be completely trustworthy.Fortunately, she knows exactly who to ask. Dan O’Malley checks all the boxes: single, romantically indifferent to her, completely trustworthy. Sure, she might have a wee little crush on Dan the Security Man, but with clear rules, expectations, and a legally binding contract, Kat is certain she can make it through this debacle with her sanity - and heart - all in one piece.Except, what happens when Dan O’Malley isn’t as indifferent - or as trustworthy - as she thought?"},
{"bookId":73,"rating":4.5,"description":"When the new girl in town, Eliza \"Izzy\" Forrester, decides to hit the local drinking hole, she's not ready to meet the town's good, solid guy. She's definitely not prepared to engage in her very first hookup with him.Then Izzy wakes up the next morning in Johnny Gamble's bed, and good girl Izzy finds she likes being bad for Johnny.Even so, Izzy feels Johnny holding her at arm's length. But Johnny makes it clear he wants more, and Izzy already knows she wants as much as she can get of hot-in-bed, sweet-out-of-it Johnny Gamble.Floating on air, thinking this is going somewhere, Izzy quickly learns why Johnny holds distant.He's in love with someone else. Someone who left him and did it leaving him broken. Whoever was up next would be runner-up, second best. Knowing the stakes, Izzy will take what she can get from the gentleman that's Johnny Gamble. And even knowing his heart might never mend, Johnny can't seem to stay away from Izzy.Until out of nowhere, his lost love comes back to town. He's not going back, but Johnny still knows the right thing to do is let Izzy go.And Izzy knew the stakes, so she makes it easy and slips though his fingers.But that's before Johnny realizes Izzy moved to town to escape danger that's been swirling around her.And that's why Johnny decides to wade in.That and the fact Izzy Forrester makes breakfast with a canary singing on her shoulder and fills out tight dresses in a way Johnny Gamble cannot get out of his head."},
{"bookId":74,"rating":4.4,"description":"He took me in when I had nowhere else to go.He doesn’t use me, hurt me, or forget about me. He doesn’t treat me like I’m nothing, take me for granted, or make me feel unsafe.He remembers me, laughs with me, and looks at me. He listens to me, protects me, and sees me. I can feel his eyes on me over the breakfast table, and my heart pumps so hard when I hear him pull in the driveway after work.I have to stop this. It can’t happen.My sister once told me there are no good men, and if you find one, he’s probably unavailable.Only Pike Lawson isn’t the unavailable one.I am.PIKE:I took her in, because I thought I was helping.She’d cook a few meals and clean up a little. It was an easy arrangement.As the days go by, though, it’s becoming anything but easy. I have to stop my mind from drifting to her and stop holding my breath every time I bump into her in the house. I can’t touch her, and I shouldn’t want to.The more I find my path crossing hers, though, the more she’s becoming a part of me.But we’re not free to give into this. She’s nineteen, and I’m thirty-eight.And her boyfriend’s father.Unfortunately, they both just moved into my house."},
{"bookId":75,"rating":4.6,"description":"Darrow is a Red, a member of the lowest caste in the color-coded society of the future. Like his fellow Reds, he works all day, believing that he and his people are making the surface of Mars livable for future generations. Yet he spends his life willingly, knowing that his blood and sweat will one day result in a better world for his children. But Darrow and his kind have been betrayed. Soon he discovers that humanity reached the surface generations ago. Vast cities and sprawling parks spread across the planet.Darrow - and Reds like him - are nothing more than slaves to a decadent ruling class. Inspired by a longing for justice, and driven by the memory of lost love, Darrow sacrifices everything to infiltrate the legendary Institute, a proving ground for the dominant Gold caste, where the next generation of humanity's overlords struggle for power. He will be forced to compete for his life and the very future of civilization against the best and most brutal of Society's ruling class. There, he will stop at nothing to bring down his enemies...even if it means he has to become one of them to do so."},
{"bookId":76,"rating":4.6,"description":"Memphis, 1939. Twelve-year-old Rill Foss and her four younger siblings live a magical life aboard their family’s Mississippi River shantyboat. But when their father must rush their mother to the hospital one stormy night, Rill is left in charge - until strangers arrive in force. Wrenched from all that is familiar and thrown into a Tennessee Children’s Home Society orphanage, the Foss children are assured that they will soon be returned to their parents - but they quickly realize the dark truth. At the mercy of the facility’s cruel director, Rill fights to keep her sisters and brother together in a world of danger and uncertainty.Aiken, South Carolina, present day. Born into wealth and privilege, Avery Stafford seems to have it all: a successful career as a federal prosecutor, a handsome fiancé, and a lavish wedding on the horizon. But when Avery returns home to help her father weather a health crisis, a chance encounter leaves her with uncomfortable questions and compels her to take a journey through her family’s long-hidden history, on a path that will ultimately lead either to devastation or to redemption.Based on one of America’s most notorious real-life scandals - in which Georgia Tann, director of a Memphis-based adoption organization, kidnapped and sold poor children to wealthy families all over the country - Lisa Wingate’s riveting, wrenching, and ultimately uplifting tale reminds us how, even though the paths we take can lead to many places, the heart never forgets where we belong."},
{"bookId":77,"rating":4.6,"description":"In the aftermath of a colossal battle, the future of the Seven Kingdoms hangs in the balance once again - beset by newly emerging threats from every direction. In the east, Daenerys Targaryen, the last scion of House Targaryen, rules with her three dragons as queen of a city built on dust and death. But Daenerys has three times 3,000 enemies, and many have set out to find her. Yet, as they gather, one young man embarks upon his own quest for the queen, with an entirely different goal in mind. To the north lies the mammoth Wall of ice and stone - a structure only as strong as those guarding it. There, Jon Snow, 998th Lord Commander of the Nights Watch, will face his greatest challenge yet. For he has powerful foes not only within the Watch but also beyond, in the land of the creatures of ice. And from all corners, bitter conflicts soon reignite, intimate betrayals are perpetrated, and a grand cast of outlaws and priests, soldiers and skinchangers, nobles and slaves, will face seemingly insurmountable obstacles. Some will fail, others will grow in the strength of darkness. But in a time of rising restlessness, the tides of destiny and politics will lead inevitably to the greatest dance of all."},
{"bookId":78,"rating":4.6,"description":"Relationships are complex. Love, ever-changing. And when it comes to rules of the heart, they were made to be broken....That's what Robert Antonio Bianchi was telling himself, anyway. Otherwise, he really had no excuse for what - or who - he'd done. No excuse, except for his lonely heart, a pitcher of margaritas, four bitter bitches, and the apparent need to confess all his weaknesses to the two men he knew would bring him nothing but trouble.But trouble was nothing new. Just ask his crazy sisters or any of his friends, and they'd be the first to tell you: If there was a bad decision to be made, Robbie always had a knack for making it. And thus, begins the story of the priest, the princess, and the prick."},
{"bookId":79,"rating":4.4,"description":"When Wicked Comes Calling...When a mysterious stranger finds his way into her bedchamber and offers his help in landing a duke, Lady Felicity Faircloth agrees - on one condition. She’s seen enough of the world to believe in passion, and won’t accept a marriage without it.The Wallflower Makes a Dangerous Bargain...Bastard son of a duke and king of London’s dark streets, Devil has spent a lifetime wielding power and seizing opportunity, and the spinster wallflower is everything he needs to exact a revenge years in the making. All he must do is turn the plain little mouse into an irresistible temptress, set his trap, and destroy his enemy.For the Promise of Passion...But there’s nothing plain about Felicity Faircloth, who quickly decides she’d rather have Devil than another. Soon, Devil’s carefully laid plans are in chaos and he must choose between everything he's ever wanted... and the only thing he's ever desired."},
{"bookId":80,"rating":4.5,"description":"Hunches, horse races, and heartbreak!Ten years after Simone Payton broke his heart, all Roscoe Winston wants is a doughnut. He'd also like to forget her entirely, but that's never going to happen. Roscoe Winston remembers everything - every look, every word, every single unrequited second - and the last thing he needs is another memory of Simone.Unfortunately, after one chance encounter, Simone keeps popping up everywhere he happens to be....Ten years after Roscoe Winston dropped out of her life, all Simone Payton wants is to exploit him. She'd also like some answers from her former best friend about why he ghosted her, but if she never gets those answers, that's a-okay. Simone let go of the past a long time ago. Seriously, she has. She totally, totally has. She is definitely not still thinking about Roscoe. Nope. She's more than happy to forget he exists.But first, she needs just one teeny-tiny favor....Dr. Strange Beard is a full-length romantic comedy novel, can be listened to as a stand-alone, and is the fifth audiobook in the USA Today best-selling Winston Brothers series."},
{"bookId":81,"rating":4.6,"description":"Calla Fletcher was two when her mother took her and fled the Alaskan wild, unable to handle the isolation of the extreme, rural lifestyle, leaving behind Calla’s father, Wren Fletcher, in the process. Calla never looked back, and at 26, a busy life in Toronto is all she knows. But when her father reaches out to inform her that his days are numbered, Calla knows that it’s time to make the long trip back to the remote frontier town where she was born.She braves the roaming wildlife, the odd daylight hours, the exorbitant prices, and even the occasional - dear God - outhouse, all for the chance to connect with her father: a man who, despite his many faults, she can’t help but care for. While she struggles to adjust to this new subarctic environment, Jonah - the quiet, brooding, and proud Alaskan pilot who keeps her father’s charter plane company operational - can’t imagine calling anywhere else home. And he’s clearly waiting with one hand on the throttle to fly this city girl back to where she belongs, convinced that she’s too pampered to handle the wild.Jonah is probably right, but Calla is determined to prove him wrong. As time passes, she unexpectedly finds herself forming a bond with the burly pilot. As his undercurrent of disapproval dwindles, it’s replaced by friendship - or perhaps something deeper? But Calla is not in Alaska to stay and Jonah will never leave. It would be foolish of her to kindle a romance, to take the same path her parents tried - and failed at - years ago.It’s a simple truth that turns out to be not so simple after all."},
{"bookId":83,"rating":4.5,"description":"There are three things you need to know about Kat Tanner (aka Kathleen Tyson...and yes, she is that Kathleen Tyson). One: She’s determined to make good decisions. Two: She must get married ASAP. And three: She knows how to knit.Being a billionaire heiress isn’t all it’s cracked up to be. In fact, it sucks. Determined to live a quiet life, Kat Tanner changed her identity years ago and eschewed her family’s legacy. But now, Kat’s silver spoon past has finally caught up with her, and so have her youthful mistakes. To avoid imminent disaster, she must marry immediately; it is essential that the person she chooses have no romantic feelings for her whatsoever and be completely trustworthy.Fortunately, she knows exactly who to ask. Dan O’Malley checks all the boxes: single, romantically indifferent to her, completely trustworthy. Sure, she might have a wee little crush on Dan the Security Man, but with clear rules, expectations, and a legally binding contract, Kat is certain she can make it through this debacle with her sanity - and heart - all in one piece.Except, what happens when Dan O’Malley isn’t as indifferent - or as trustworthy - as she thought?"},
{"bookId":84,"rating":4.5,"description":"When the new girl in town, Eliza \"Izzy\" Forrester, decides to hit the local drinking hole, she's not ready to meet the town's good, solid guy. She's definitely not prepared to engage in her very first hookup with him.Then Izzy wakes up the next morning in Johnny Gamble's bed, and good girl Izzy finds she likes being bad for Johnny.Even so, Izzy feels Johnny holding her at arm's length. But Johnny makes it clear he wants more, and Izzy already knows she wants as much as she can get of hot-in-bed, sweet-out-of-it Johnny Gamble.Floating on air, thinking this is going somewhere, Izzy quickly learns why Johnny holds distant.He's in love with someone else. Someone who left him and did it leaving him broken. Whoever was up next would be runner-up, second best. Knowing the stakes, Izzy will take what she can get from the gentleman that's Johnny Gamble. And even knowing his heart might never mend, Johnny can't seem to stay away from Izzy.Until out of nowhere, his lost love comes back to town. He's not going back, but Johnny still knows the right thing to do is let Izzy go.And Izzy knew the stakes, so she makes it easy and slips though his fingers.But that's before Johnny realizes Izzy moved to town to escape danger that's been swirling around her.And that's why Johnny decides to wade in.That and the fact Izzy Forrester makes breakfast with a canary singing on her shoulder and fills out tight dresses in a way Johnny Gamble cannot get out of his head."},
{"bookId":85,"rating":4.4,"description":"He took me in when I had nowhere else to go.He doesn’t use me, hurt me, or forget about me. He doesn’t treat me like I’m nothing, take me for granted, or make me feel unsafe.He remembers me, laughs with me, and looks at me. He listens to me, protects me, and sees me. I can feel his eyes on me over the breakfast table, and my heart pumps so hard when I hear him pull in the driveway after work.I have to stop this. It can’t happen.My sister once told me there are no good men, and if you find one, he’s probably unavailable.Only Pike Lawson isn’t the unavailable one.I am.PIKE:I took her in, because I thought I was helping.She’d cook a few meals and clean up a little. It was an easy arrangement.As the days go by, though, it’s becoming anything but easy. I have to stop my mind from drifting to her and stop holding my breath every time I bump into her in the house. I can’t touch her, and I shouldn’t want to.The more I find my path crossing hers, though, the more she’s becoming a part of me.But we’re not free to give into this. She’s nineteen, and I’m thirty-eight.And her boyfriend’s father.Unfortunately, they both just moved into my house."},
{"bookId":86,"rating":4.6,"description":"Darrow is a Red, a member of the lowest caste in the color-coded society of the future. Like his fellow Reds, he works all day, believing that he and his people are making the surface of Mars livable for future generations. Yet he spends his life willingly, knowing that his blood and sweat will one day result in a better world for his children. But Darrow and his kind have been betrayed. Soon he discovers that humanity reached the surface generations ago. Vast cities and sprawling parks spread across the planet.Darrow - and Reds like him - are nothing more than slaves to a decadent ruling class. Inspired by a longing for justice, and driven by the memory of lost love, Darrow sacrifices everything to infiltrate the legendary Institute, a proving ground for the dominant Gold caste, where the next generation of humanity's overlords struggle for power. He will be forced to compete for his life and the very future of civilization against the best and most brutal of Society's ruling class. There, he will stop at nothing to bring down his enemies...even if it means he has to become one of them to do so."},
{"bookId":90,"rating":4.6,"description":"Memphis, 1939. Twelve-year-old Rill Foss and her four younger siblings live a magical life aboard their family’s Mississippi River shantyboat. But when their father must rush their mother to the hospital one stormy night, Rill is left in charge - until strangers arrive in force. Wrenched from all that is familiar and thrown into a Tennessee Children’s Home Society orphanage, the Foss children are assured that they will soon be returned to their parents - but they quickly realize the dark truth. At the mercy of the facility’s cruel director, Rill fights to keep her sisters and brother together in a world of danger and uncertainty.Aiken, South Carolina, present day. Born into wealth and privilege, Avery Stafford seems to have it all: a successful career as a federal prosecutor, a handsome fiancé, and a lavish wedding on the horizon. But when Avery returns home to help her father weather a health crisis, a chance encounter leaves her with uncomfortable questions and compels her to take a journey through her family’s long-hidden history, on a path that will ultimately lead either to devastation or to redemption.Based on one of America’s most notorious real-life scandals - in which Georgia Tann, director of a Memphis-based adoption organization, kidnapped and sold poor children to wealthy families all over the country - Lisa Wingate’s riveting, wrenching, and ultimately uplifting tale reminds us how, even though the paths we take can lead to many places, the heart never forgets where we belong."}
]